year,location,team,score,penalties,tries,conversions,dropgoals,territory%,possession%,22entries,points_scored_per_entry,scrums,scrums_won%,lineouts,lineouts_won%,restarts_received,restarts_won%,passes,carries,metres_after_contact,linebreaks,to_won,to_lost,penalties_won,yellow_cards,red_cards,tackles_made,tackles_missed,tackle_success_rate%,kicks,kick_ratio,opp_location,opp_team,opp_score,opp_penalties,opp_tries,opp_conversions,opp_dropgoals,opp_territory%,opp_possession%,opp_22entries,opp_points_scored_per_entry,opp_scrums,opp_scrums_won%,opp_lineouts,opp_lineouts_won%,opp_restarts_received,opp_restarts_won%,opp_passes,opp_carries,opp_metres_after_contact,opp_linebreaks,opp_to_won,opp_to_lost,opp_penalties_won,opp_yellow_cards,opp_red_cards,opp_tackles_made,opp_tackles_missed,opp_tackle_success_rate%,opp_kicks,opp_kick_ratio
2015,home,Wales,16,2,1,1,1,41,51,,,8,75,14,71,5,100,121,109,0,2,10,11,9,1,0,135,21,87,32,26.316,away,England,21,3,2,1,0,59,49,,,3,100,11,82,7,86,118,132,0,3,8,14,9,0,0,145,14,91,32,27.027
2015,away,England,21,3,2,1,0,59,49,,,3,100,11,82,7,86,118,132,0,3,8,14,9,0,0,145,14,91,32,27.027,home,Wales,16,2,1,1,1,41,51,,,8,75,14,71,5,100,121,109,0,2,10,11,9,1,0,135,21,87,32,26.316
2015,home,Italy,3,1,0,0,0,48,37,,,7,86,11,64,1,100,144,110,0,1,4,18,7,1,0,198,18,92,15,10.417,away,Ireland,26,4,2,2,0,51,63,,,7,100,14,86,7,71,192,158,0,5,5,10,11,0,0,117,12,91,28,14.493
2015,away,Ireland,26,4,2,2,0,51,63,,,7,100,14,86,7,71,192,158,0,5,5,10,11,0,0,117,12,91,28,14.493,home,Italy,3,1,0,0,0,48,37,,,7,86,11,64,1,100,144,110,0,1,4,18,7,1,0,198,18,92,15,10.417
2015,home,France,15,5,0,0,0,53,54,,,2,100,20,90,7,100,156,123,0,4,11,14,11,0,0,112,12,90,29,18.519,away,Scotland,8,1,1,0,0,47,46,,,5,80,13,85,4,100,130,103,0,6,11,21,8,1,0,135,21,87,25,19.231
2015,away,Scotland,8,1,1,0,0,47,46,,,5,80,13,85,4,100,130,103,0,6,11,21,8,1,0,135,21,87,25,19.231,home,France,15,5,0,0,0,53,54,,,2,100,20,90,7,100,156,123,0,4,11,14,11,0,0,112,12,90,29,18.519
2015,home,England,47,3,6,4,0,50,47,,,7,86,12,92,11,82,155,106,0,9,11,9,10,0,0,164,26,86,27,17.544,away,Italy,17,0,3,1,0,50,53,,,5,80,10,70,6,100,154,127,0,11,3,18,7,0,0,113,19,86,16,10.417
2015,away,Italy,17,0,3,1,0,50,53,,,5,80,10,70,6,100,154,127,0,11,3,18,7,0,0,113,19,86,16,10.417,home,England,47,3,6,4,0,50,47,,,7,86,12,92,11,82,155,106,0,9,11,9,10,0,0,164,26,86,27,17.544
2015,home,Ireland,18,6,0,0,0,47,46,,,5,60,13,92,8,88,116,93,0,0,9,7,14,1,0,147,24,86,26,22.222,away,France,11,2,1,0,0,53,54,,,6,83,12,92,5,60,149,140,0,1,4,18,11,1,0,94,14,87,11,7.407
2015,away,France,11,2,1,0,0,53,54,,,6,83,12,92,5,60,149,140,0,1,4,18,11,1,0,94,14,87,11,7.407,home,Ireland,18,6,0,0,0,47,46,,,5,60,13,92,8,88,116,93,0,0,9,7,14,1,0,147,24,86,26,22.222
2015,home,Scotland,23,3,2,2,0,49,47,,,5,80,13,85,5,100,107,103,0,6,5,7,17,1,0,118,10,92,16,14.925,away,Wales,26,4,2,2,0,51,53,,,4,100,11,73,8,100,132,115,0,6,6,9,14,1,0,115,15,88,21,15.873
2015,away,Wales,26,4,2,2,0,51,53,,,4,100,11,73,8,100,132,115,0,6,6,9,14,1,0,115,15,88,21,15.873,home,Scotland,23,3,2,2,0,49,47,,,5,80,13,85,5,100,107,103,0,6,5,7,17,1,0,118,10,92,16,14.925
2015,home,Scotland,19,4,1,1,0,58,52,,,3,100,8,75,6,67,136,117,0,4,5,14,10,2,0,97,9,92,24,17.544,away,Italy,22,1,2,2,0,43,48,,,10,80,12,83,5,100,102,90,0,1,5,10,13,0,0,118,21,85,27,26.316
2015,away,Italy,22,1,2,2,0,43,48,,,10,80,12,83,5,100,102,90,0,1,5,10,13,0,0,118,21,85,27,26.316,home,Scotland,19,4,1,1,0,58,52,,,3,100,8,75,6,67,136,117,0,4,5,14,10,2,0,97,9,92,24,17.544
2015,home,France,13,2,1,1,0,44,46,,,3,100,10,100,6,100,129,109,0,6,5,16,11,0,0,93,10,90,18,13.889,away,Wales,20,5,1,0,0,56,54,,,11,91,10,100,8,88,116,92,0,4,4,7,7,0,0,111,10,92,23,20
2015,away,Wales,20,5,1,0,0,56,54,,,11,91,10,100,8,88,116,92,0,4,4,7,7,0,0,111,10,92,23,20,home,France,13,2,1,1,0,44,46,,,3,100,10,100,6,100,129,109,0,6,5,16,11,0,0,93,10,90,18,13.889
2015,home,Ireland,19,4,1,1,0,47,59,,,8,75,12,92,8,100,156,135,0,3,8,9,13,0,0,120,27,82,38,24.39,away,England,9,2,0,0,1,53,41,,,2,100,13,77,6,83,120,124,0,10,4,23,8,0,0,160,23,87,23,19.231
2015,away,England,9,2,0,0,1,53,41,,,2,100,13,77,6,83,120,124,0,10,4,23,8,0,0,160,23,87,23,19.231,home,Ireland,19,4,1,1,0,47,59,,,8,75,12,92,8,100,156,135,0,3,8,9,13,0,0,120,27,82,38,24.39
2015,home,Wales,23,5,1,0,1,49,36,,,8,88,8,88,8,88,123,92,0,5,7,8,11,2,0,250,22,92,22,17.857,away,Ireland,16,3,0,1,0,51,64,,,3,100,12,67,6,83,254,188,0,4,1,14,13,0,0,105,17,86,11,4.329
2015,away,Ireland,16,3,0,1,0,51,64,,,3,100,12,67,6,83,254,188,0,4,1,14,13,0,0,105,17,86,11,4.329,home,Wales,23,5,1,0,1,49,36,,,8,88,8,88,8,88,123,92,0,5,7,8,11,2,0,250,22,92,22,17.857
2015,home,England,25,2,3,2,0,56,46,,,4,75,15,93,7,86,163,128,0,17,7,17,8,0,0,121,16,88,24,14.706,away,Scotland,13,2,1,1,0,44,54,,,9,78,10,100,5,100,133,122,0,5,6,19,10,0,0,125,27,82,30,22.727
2015,away,Scotland,13,2,1,1,0,44,54,,,9,78,10,100,5,100,133,122,0,5,6,19,10,0,0,125,27,82,30,22.727,home,England,25,2,3,2,0,56,46,,,4,75,15,93,7,86,163,128,0,17,7,17,8,0,0,121,16,88,24,14.706
2015,home,Italy,0,0,0,0,0,46,47,,,7,71,19,89,3,100,127,94,0,1,3,24,11,0,0,118,9,93,24,18.868,away,France,29,5,2,2,0,55,53,,,11,82,12,67,8,75,117,113,0,7,10,23,17,0,0,91,3,97,26,22.222
2015,away,France,29,5,2,2,0,55,53,,,11,82,12,67,8,75,117,113,0,7,10,23,17,0,0,91,3,97,26,22.222,home,Italy,0,0,0,0,0,46,47,,,7,71,19,89,3,100,127,94,0,1,3,24,11,0,0,118,9,93,24,18.868
2015,home,Italy,20,2,2,2,0,42,43,,,7,100,9,67,4,75,94,86,0,5,8,12,8,2,0,113,19,86,14,14.925,away,Wales,61,3,8,6,0,59,57,,,6,100,15,100,11,82,163,131,0,14,8,17,18,0,0,85,15,85,20,12.195
2015,away,Wales,61,3,8,6,0,59,57,,,6,100,15,100,11,82,163,131,0,14,8,17,18,0,0,85,15,85,20,12.195,home,Italy,20,2,2,2,0,42,43,,,7,100,9,67,4,75,94,86,0,5,8,12,8,2,0,113,19,86,14,14.925
2015,home,Scotland,10,1,1,1,0,53,45,,,2,50,13,100,3,67,144,126,0,12,3,20,6,1,0,155,24,87,15,10.417,away,Ireland,40,4,4,4,0,47,55,,,10,100,10,80,11,82,169,130,0,13,12,11,12,0,0,119,25,83,27,15.873
2015,away,Ireland,40,4,4,4,0,47,55,,,10,100,10,80,11,82,169,130,0,13,12,11,12,0,0,119,25,83,27,15.873,home,Scotland,10,1,1,1,0,53,45,,,2,50,13,100,3,67,144,126,0,12,3,20,6,1,0,155,24,87,15,10.417
2015,home,England,55,2,7,7,0,55,43,,,3,100,11,91,11,82,143,115,0,15,4,16,11,1,0,161,25,87,30,20.833,away,France,35,2,5,2,0,45,57,,,7,71,9,89,10,90,169,147,0,14,7,12,9,0,0,104,24,81,26,15.385
2015,away,France,35,2,5,2,0,45,57,,,7,71,9,89,10,90,169,147,0,14,7,12,9,0,0,104,24,81,26,15.385,home,England,55,2,7,7,0,55,43,,,3,100,11,91,11,82,143,115,0,15,4,16,11,1,0,161,25,87,30,20.833
2016,home,France,23,2,3,1,0,48,48,,,5,80,12,92,8,100,177,122,0,7,3,19,13,0,0,102,15,87,34,19.231,away,Italy,21,2,2,1,1,52,52,,,8,88,15,87,7,71,123,110,0,7,7,11,9,0,0,114,17,87,29,23.81
2016,away,Italy,21,2,2,1,1,52,52,,,8,88,15,87,7,71,123,110,0,7,7,11,9,0,0,114,17,87,29,23.81,home,France,23,2,3,1,0,48,48,,,5,80,12,92,8,100,177,122,0,7,3,19,13,0,0,102,15,87,34,19.231
2016,home,Scotland,9,3,0,0,0,45,46,,,1,100,14,79,5,100,135,111,0,7,4,16,12,0,0,133,12,92,31,22.727,away,England,15,1,2,1,0,55,54,,,12,92,15,93,7,86,110,102,0,3,7,7,9,0,0,123,15,89,41,37.037
2016,away,England,15,1,2,1,0,55,54,,,12,92,15,93,7,86,110,102,0,3,7,7,9,0,0,123,15,89,41,37.037,home,Scotland,9,3,0,0,0,45,46,,,1,100,14,79,5,100,135,111,0,7,4,16,12,0,0,133,12,92,31,22.727
2016,home,Ireland,16,3,1,1,0,44,49,,,5,100,9,89,5,100,178,146,0,7,7,11,6,0,0,170,14,92,28,15.625,away,Wales,16,3,1,1,0,56,51,,,7,100,9,89,8,100,203,155,0,0,7,10,7,0,0,167,15,92,31,15.385
2016,away,Wales,16,3,1,1,0,56,51,,,7,100,9,89,8,100,203,155,0,0,7,10,7,0,0,167,15,92,31,15.385,home,Ireland,16,3,1,1,0,44,49,,,5,100,9,89,5,100,178,146,0,7,7,11,6,0,0,170,14,92,28,15.625
2016,home,France,10,1,1,1,0,49,58,,,12,92,10,80,4,100,171,159,0,4,8,13,13,0,0,103,5,95,28,16.393,away,Ireland,9,3,0,0,0,51,42,,,8,100,11,82,4,100,114,91,0,0,7,9,8,0,0,191,17,92,25,21.739
2016,away,Ireland,9,3,0,0,0,51,42,,,8,100,11,82,4,100,114,91,0,0,7,9,8,0,0,191,17,92,25,21.739,home,France,10,1,1,1,0,49,58,,,12,92,10,80,4,100,171,159,0,4,8,13,13,0,0,103,5,95,28,16.393
2016,home,Wales,27,2,3,3,0,40,50,,,9,100,13,100,6,83,98,76,0,5,6,8,5,0,0,115,9,93,50,50,away,Scotland,23,3,2,2,0,60,50,,,5,80,13,77,5,80,89,107,0,5,3,17,8,0,0,79,16,83,47,52.632
2016,away,Scotland,23,3,2,2,0,60,50,,,5,80,13,77,5,80,89,107,0,5,3,17,8,0,0,79,16,83,47,52.632,home,Wales,27,2,3,3,0,40,50,,,9,100,13,100,6,83,98,76,0,5,6,8,5,0,0,115,9,93,50,50
2016,home,Italy,9,3,0,0,0,51,61,,,5,80,18,94,8,88,162,132,0,3,6,21,15,0,0,83,14,86,36,22.222,away,England,40,3,5,3,0,49,39,,,7,100,13,69,9,89,127,98,0,10,17,16,9,0,0,132,11,92,36,28.571
2016,away,England,40,3,5,3,0,49,39,,,7,100,13,69,9,89,127,98,0,10,17,16,9,0,0,132,11,92,36,28.571,home,Italy,9,3,0,0,0,51,61,,,5,80,18,94,8,88,162,132,0,3,6,21,15,0,0,83,14,86,36,22.222
2016,home,Wales,19,4,1,1,0,55,41,,,9,67,7,100,8,88,100,94,0,6,11,8,8,0,0,148,20,88,34,34.483,away,France,10,1,1,1,0,45,59,,,8,100,15,100,4,100,164,147,0,4,6,18,14,0,0,82,16,84,32,19.608
2016,away,France,10,1,1,1,0,45,59,,,8,100,15,100,4,100,164,147,0,4,6,18,14,0,0,82,16,84,32,19.608,home,Wales,19,4,1,1,0,55,41,,,9,67,7,100,8,88,100,94,0,6,11,8,8,0,0,148,20,88,34,34.483
2016,home,Italy,20,2,2,2,0,55,62,,,9,78,8,75,5,100,141,126,0,6,6,13,9,0,0,88,17,84,20,14.085,away,Scotland,36,5,3,3,0,46,38,,,7,100,8,88,9,56,95,78,0,7,7,8,12,2,0,152,20,88,19,20
2016,away,Scotland,36,5,3,3,0,46,38,,,7,100,8,88,9,56,95,78,0,7,7,8,12,2,0,152,20,88,19,20,home,Italy,20,2,2,2,0,55,62,,,9,78,8,75,5,100,141,126,0,6,6,13,9,0,0,88,17,84,20,14.085
2016,home,England,21,3,2,1,0,61,43,,,5,100,7,86,7,100,126,116,0,4,2,12,10,2,0,152,24,86,26,20.833,away,Ireland,10,1,1,1,0,40,57,,,9,89,11,64,3,100,201,125,0,7,10,13,12,0,0,142,18,89,27,13.514
2016,away,Ireland,10,1,1,1,0,40,57,,,9,89,11,64,3,100,201,125,0,7,10,13,12,0,0,142,18,89,27,13.514,home,England,21,3,2,1,0,61,43,,,5,100,7,86,7,100,126,116,0,4,2,12,10,2,0,152,24,86,26,20.833
2016,home,Ireland,58,1,9,5,0,43,58,,,6,100,8,100,10,70,223,178,0,20,5,7,9,0,0,146,10,94,22,9.901,away,Italy,15,1,2,1,0,58,42,,,6,83,13,77,5,60,197,130,0,6,3,15,9,0,0,200,21,90,9,4.566
2016,away,Italy,15,1,2,1,0,58,42,,,6,83,13,77,5,60,197,130,0,6,3,15,9,0,0,200,21,90,9,4.566,home,Ireland,58,1,9,5,0,43,58,,,6,100,8,100,10,70,223,178,0,20,5,7,9,0,0,146,10,94,22,9.901
2016,home,England,25,6,1,1,0,49,49,,,7,71,14,100,8,75,89,112,0,8,11,10,14,1,0,121,19,86,37,41.667,away,Wales,21,0,3,3,0,51,51,,,9,100,11,82,4,100,131,119,0,11,6,13,12,0,0,106,26,80,31,23.81
2016,away,Wales,21,0,3,3,0,51,51,,,9,100,11,82,4,100,131,119,0,11,6,13,12,0,0,106,26,80,31,23.81,home,England,25,6,1,1,0,49,49,,,7,71,14,100,8,75,89,112,0,8,11,10,14,1,0,121,19,86,37,41.667
2016,home,Scotland,29,4,3,1,0,53,59,,,11,82,9,89,8,88,115,89,0,4,8,4,11,0,0,85,16,84,30,26.316,away,France,18,2,2,1,0,46,41,,,1,100,17,94,5,100,110,89,0,8,4,13,12,0,0,92,13,88,21,19.231
2016,away,France,18,2,2,1,0,46,41,,,1,100,17,94,5,100,110,89,0,8,4,13,12,0,0,92,13,88,21,19.231,home,Scotland,29,4,3,1,0,53,59,,,11,82,9,89,8,88,115,89,0,4,8,4,11,0,0,85,16,84,30,26.316
2016,home,Wales,67,2,9,8,0,48,63,,,9,89,13,100,11,91,238,169,0,21,12,15,10,0,0,107,11,91,30,12.658,away,Italy,14,0,2,2,0,52,37,,,1,100,15,87,3,100,126,108,0,5,4,15,8,1,0,159,21,88,27,21.277
2016,away,Italy,14,0,2,2,0,52,37,,,1,100,15,87,3,100,126,108,0,5,4,15,8,1,0,159,21,88,27,21.277,home,Wales,67,2,9,8,0,48,63,,,9,89,13,100,11,91,238,169,0,21,12,15,10,0,0,107,11,91,30,12.658
2016,home,Ireland,35,3,4,3,0,61,54,,,7,100,10,90,9,100,175,133,0,6,1,6,11,1,0,121,19,86,32,18.182,away,Scotland,25,2,3,2,0,38,46,,,2,50,8,100,5,80,159,123,0,4,3,13,11,2,0,140,16,90,26,16.393
2016,away,Scotland,25,2,3,2,0,38,46,,,2,50,8,100,5,80,159,123,0,4,3,13,11,2,0,140,16,90,26,16.393,home,Ireland,35,3,4,3,0,61,54,,,7,100,10,90,9,100,175,133,0,6,1,6,11,1,0,121,19,86,32,18.182
2016,home,France,21,7,0,0,0,46,45,,,5,80,13,69,8,88,146,110,0,7,10,18,15,1,0,119,21,85,26,17.857,away,England,31,4,3,2,0,54,55,,,6,100,13,100,9,89,135,117,0,6,10,11,9,0,0,116,28,81,37,27.778
2016,away,England,31,4,3,2,0,54,55,,,6,100,13,100,9,89,135,117,0,6,10,11,9,0,0,116,28,81,37,27.778,home,France,21,7,0,0,0,46,45,,,5,80,13,69,8,88,146,110,0,7,10,18,15,1,0,119,21,85,26,17.857
2017,home,Ireland,,,,,,,,,,,,,,,,,,,,,,,,,,,,,,away,Scotland,,,,,,,,,,,,,,,,,,,,,,,,,,,,,
2017,away,Scotland,,,,,,,,,,,,,,,,,,,,,,,,,,,,,,home,Ireland,,,,,,,,,,,,,,,,,,,,,,,,,,,,,
2017,home,Italy,7,0,1,1,0,45,39,,,7,100,9,78,3,67,105,95,0,6,4,12,5,1,0,153,24,86,28,26.316,away,Wales,33,4,3,3,0,54,61,,,8,88,13,100,10,80,160,149,0,10,4,11,16,0,0,101,18,85,35,21.739
2017,away,Wales,33,4,3,3,0,54,61,,,8,88,13,100,10,80,160,149,0,10,4,11,16,0,0,101,18,85,35,21.739,home,Italy,7,0,1,1,0,45,39,,,7,100,9,78,3,67,105,95,0,6,4,12,5,1,0,153,24,86,28,26.316
2017,home,Ireland,,0,0,0,0,,0,0,0,0,0,0,0,0,100,0,0,0,0,0,0,0,0,0,0,0,0,0,,away,Italy,,0,0,0,0,,0,0,0,0,0,0,0,0,100,0,0,0,0,0,0,0,0,0,0,0,0,0,
2017,away,Italy,,0,0,0,0,,0,0,0,0,0,0,0,0,100,0,0,0,0,0,0,0,0,0,0,0,0,0,,home,Ireland,,0,0,0,0,,0,0,0,0,0,0,0,0,100,0,0,0,0,0,0,0,0,0,0,0,0,0,
2017,home,Wales,,0,0,0,0,,0,0,0,0,0,0,0,0,100,0,0,0,0,0,0,0,0,0,0,0,0,0,,away,England,,0,0,0,0,,0,0,0,0,0,0,0,0,100,0,0,0,0,0,0,0,0,0,0,0,0,0,
2017,away,England,,0,0,0,0,,0,0,0,0,0,0,0,0,100,0,0,0,0,0,0,0,0,0,0,0,0,0,,home,Wales,,0,0,0,0,,0,0,0,0,0,0,0,0,100,0,0,0,0,0,0,0,0,0,0,0,0,0,
2017,home,France,,0,0,0,0,,0,0,0,0,0,0,0,0,100,0,0,0,0,0,0,0,0,0,0,0,0,0,,away,Scotland,,0,0,0,0,,0,0,0,0,0,0,0,0,100,0,0,0,0,0,0,0,0,0,0,0,0,0,
2017,away,Scotland,,0,0,0,0,,0,0,0,0,0,0,0,0,100,0,0,0,0,0,0,0,0,0,0,0,0,0,,home,France,,0,0,0,0,,0,0,0,0,0,0,0,0,100,0,0,0,0,0,0,0,0,0,0,0,0,0,
2017,home,Scotland,29,5,2,2,0,45,58,,,6,100,12,100,9,89,158,121,0,10,10,9,14,0,0,107,13,89,23,14.493,away,Wales,13,2,1,1,0,55,42,,,4,75,15,93,5,80,119,83,0,5,10,17,10,0,0,158,14,92,9,7.576
2017,away,Wales,13,2,1,1,0,55,42,,,4,75,15,93,5,80,119,83,0,5,10,17,10,0,0,158,14,92,9,7.576,home,Scotland,29,5,2,2,0,45,58,,,6,100,12,100,9,89,158,121,0,10,10,9,14,0,0,107,13,89,23,14.493
2017,home,Ireland,19,3,1,1,1,59,64,,,7,100,22,100,6,83,207,169,0,8,4,14,13,0,0,134,14,91,24,11.628,away,France,9,3,0,0,0,41,36,,,4,100,12,83,4,100,152,111,0,8,9,15,8,0,0,229,17,93,19,12.5
2017,away,France,9,3,0,0,0,41,36,,,4,100,12,83,4,100,152,111,0,8,9,15,8,0,0,229,17,93,19,12.5,home,Ireland,19,3,1,1,1,59,64,,,7,100,22,100,6,83,207,169,0,8,4,14,13,0,0,134,14,91,24,11.628
2017,home,England,36,0,6,3,0,45,52,,,3,67,9,100,9,100,129,147,0,13,6,12,8,0,0,119,14,89,29,22.727,away,Italy,15,0,2,1,1,55,48,,,7,86,16,81,5,100,100,109,0,4,2,12,12,0,0,135,24,85,25,25
2017,away,Italy,15,0,2,1,1,55,48,,,7,86,16,81,5,100,100,109,0,4,2,12,12,0,0,135,24,85,25,25,home,England,36,0,6,3,0,45,52,,,3,67,9,100,9,100,129,147,0,13,6,12,8,0,0,119,14,89,29,22.727
2017,home,Wales,22,1,3,2,0,51,47,,,5,80,11,100,6,67,167,145,0,10,6,16,4,0,0,185,23,89,25,14.925,away,Ireland,9,3,0,0,0,49,53,,,4,100,13,77,5,100,236,166,0,8,6,16,10,1,0,156,17,90,28,11.905
2017,away,Ireland,9,3,0,0,0,49,53,,,4,100,13,77,5,100,236,166,0,8,6,16,10,1,0,156,17,90,28,11.905,home,Wales,22,1,3,2,0,51,47,,,5,80,11,100,6,67,167,145,0,10,6,16,4,0,0,185,23,89,25,14.925
2017,home,Italy,18,2,2,1,0,58,55,,,6,67,18,83,4,50,135,124,0,5,6,15,9,0,0,121,55,69,14,10.417,away,France,40,4,4,4,0,42,45,,,8,100,6,100,9,100,167,138,0,20,6,15,7,0,0,147,13,92,17,10.204
2017,away,France,40,4,4,4,0,42,45,,,8,100,6,100,9,100,167,138,0,20,6,15,7,0,0,147,13,92,17,10.204,home,Italy,18,2,2,1,0,58,55,,,6,67,18,83,4,50,135,124,0,5,6,15,9,0,0,121,55,69,14,10.417
2017,home,England,61,4,7,7,0,47,51,,,7,86,9,100,12,92,144,137,0,9,4,8,13,0,0,144,13,92,22,15.385,away,Scotland,21,0,3,3,0,53,49,,,3,100,15,93,4,100,127,119,0,1,4,10,5,1,0,147,21,87,17,13.333
2017,away,Scotland,21,0,3,3,0,53,49,,,3,100,15,93,4,100,127,119,0,1,4,10,5,1,0,147,21,87,17,13.333,home,England,61,4,7,7,0,47,51,,,7,86,9,100,12,92,144,137,0,9,4,8,13,0,0,144,13,92,22,15.385
2017,home,Scotland,,0,0,0,0,,0,0,0,0,0,0,0,0,100,0,0,0,0,0,0,0,0,0,0,0,0,0,,away,Italy,,0,0,0,0,,0,0,0,0,0,0,0,0,100,0,0,0,0,0,0,0,0,0,0,0,0,0,
2017,away,Italy,,0,0,0,0,,0,0,0,0,0,0,0,0,100,0,0,0,0,0,0,0,0,0,0,0,0,0,,home,Scotland,,0,0,0,0,,0,0,0,0,0,0,0,0,100,0,0,0,0,0,0,0,0,0,0,0,0,0,
2017,home,France,20,2,2,2,0,50,59,,,15,93,6,67,5,80,181,157,0,9,6,15,15,1,0,126,16,89,25,13.889,away,Wales,18,6,0,0,0,50,41,,,5,80,16,88,7,57,130,111,0,2,8,15,11,1,0,205,25,89,25,19.231
2017,away,Wales,18,6,0,0,0,50,41,,,5,80,16,88,7,57,130,111,0,2,8,15,11,1,0,205,25,89,25,19.231,home,France,20,2,2,2,0,50,59,,,15,93,6,67,5,80,181,157,0,9,6,15,15,1,0,126,16,89,25,13.889
2017,home,Ireland,,0,0,0,0,,0,0,0,0,0,0,0,0,100,0,0,0,0,0,0,0,0,0,0,0,0,0,,away,England,,0,0,0,0,,0,0,0,0,0,0,0,0,100,0,0,0,0,0,0,0,0,0,0,0,0,0,
2017,away,England,,0,0,0,0,,0,0,0,0,0,0,0,0,100,0,0,0,0,0,0,0,0,0,0,0,0,0,,home,Ireland,,0,0,0,0,,0,0,0,0,0,0,0,0,100,0,0,0,0,0,0,0,0,0,0,0,0,0,
2018,home,Wales,34,2,4,4,0,46,53,,,11,91,10,100,8,100,189,134,0,18,6,12,8,0,0,117,19,86,39,20.833,away,Scotland,7,0,1,1,0,55,47,,,7,86,14,79,2,100,181,130,0,10,5,18,7,0,0,114,16,88,33,18.182
2018,away,Scotland,7,0,1,1,0,55,47,,,7,86,14,79,2,100,181,130,0,10,5,18,7,0,0,114,16,88,33,18.182,home,Wales,34,2,4,4,0,46,53,,,11,91,10,100,8,100,189,134,0,18,6,12,8,0,0,117,19,86,39,20.833
2018,home,France,13,2,1,1,0,49,32,,,8,88,9,89,6,83,103,99,0,2,6,11,6,0,0,253,15,94,28,27.027,away,Ireland,15,4,0,0,1,50,68,,,5,100,14,93,6,100,250,193,0,0,5,13,10,0,0,113,15,88,27,10.753
2018,away,Ireland,15,4,0,0,1,50,68,,,5,100,14,93,6,100,250,193,0,0,5,13,10,0,0,113,15,88,27,10.753,home,France,13,2,1,1,0,49,32,,,8,88,9,89,6,83,103,99,0,2,6,11,6,0,0,253,15,94,28,27.027
2018,home,Italy,15,1,2,1,0,50,52,,,6,67,9,100,4,75,171,139,0,8,6,13,9,0,0,131,26,83,25,14.706,away,England,46,1,7,4,0,50,48,,,6,100,14,93,9,100,181,134,0,14,5,8,12,0,0,153,17,90,31,17.241
2018,away,England,46,1,7,4,0,50,48,,,6,100,14,93,9,100,181,134,0,14,5,8,12,0,0,153,17,90,31,17.241,home,Italy,15,1,2,1,0,50,52,,,6,67,9,100,4,75,171,139,0,8,6,13,9,0,0,131,26,83,25,14.706
2018,home,Ireland,56,0,8,8,0,47,63,,,8,100,15,100,11,100,246,164,0,15,3,15,11,0,0,106,6,95,28,11.364,away,Italy,19,0,3,2,0,53,37,,,3,100,7,71,4,100,142,104,0,7,6,12,3,0,0,175,27,87,18,12.658
2018,away,Italy,19,0,3,2,0,53,37,,,3,100,7,71,4,100,142,104,0,7,6,12,3,0,0,175,27,87,18,12.658,home,Ireland,56,0,8,8,0,47,63,,,8,100,15,100,11,100,246,164,0,15,3,15,11,0,0,106,6,95,28,11.364
2018,home,England,12,0,2,1,0,67,52,,,6,100,7,86,3,100,177,162,0,7,10,10,2,0,0,188,23,89,41,23.256,away,Wales,6,2,0,0,0,32,48,,,3,100,16,94,5,100,224,163,0,7,6,16,10,0,0,200,18,92,46,20.408
2018,away,Wales,6,2,0,0,0,32,48,,,3,100,16,94,5,100,224,163,0,7,6,16,10,0,0,200,18,92,46,20.408,home,England,12,0,2,1,0,67,52,,,6,100,7,86,3,100,177,162,0,7,10,10,2,0,0,188,23,89,41,23.256
2018,home,Scotland,32,6,2,2,0,56,57,,,6,100,9,89,9,100,179,142,0,7,5,11,13,0,0,106,22,83,26,14.493,away,France,26,4,2,2,0,44,43,,,4,100,8,88,8,100,136,117,0,5,7,11,10,0,0,149,18,89,27,20
2018,away,France,26,4,2,2,0,44,43,,,4,100,8,88,8,100,136,117,0,5,7,11,10,0,0,149,18,89,27,20,home,Scotland,32,6,2,2,0,56,57,,,6,100,9,89,9,100,179,142,0,7,5,11,13,0,0,106,22,83,26,14.493
2018,home,France,34,5,3,2,0,58,63,,,5,100,12,83,9,100,208,175,0,15,8,14,16,0,0,94,17,85,30,14.493,away,Italy,17,1,1,1,0,43,37,,,4,100,14,79,4,75,118,94,0,5,5,13,7,1,0,227,24,90,21,17.857
2018,away,Italy,17,1,1,1,0,43,37,,,4,100,14,79,4,75,118,94,0,5,5,13,7,1,0,227,24,90,21,17.857,home,France,34,5,3,2,0,58,63,,,5,100,12,83,9,100,208,175,0,15,8,14,16,0,0,94,17,85,30,14.493
2018,home,Ireland,37,2,5,3,0,57,69,,,5,100,10,80,9,67,183,170,0,11,6,13,9,0,0,89,12,88,22,12.048,away,Wales,27,2,3,3,0,43,31,,,7,86,5,80,7,86,120,79,0,9,6,10,4,0,0,225,17,93,19,15.873
2018,away,Wales,27,2,3,3,0,43,31,,,7,86,5,80,7,86,120,79,0,9,6,10,4,0,0,225,17,93,19,15.873,home,Ireland,37,2,5,3,0,57,69,,,5,100,10,80,9,67,183,170,0,11,6,13,9,0,0,89,12,88,22,12.048
2018,home,Scotland,25,2,3,2,0,46,44,,,5,100,15,87,7,86,153,115,0,8,9,9,13,0,0,164,21,89,36,23.256,away,England,13,2,1,1,0,53,56,,,4,100,11,100,4,100,214,151,0,4,5,13,7,1,0,118,19,86,28,13.158
2018,away,England,13,2,1,1,0,53,56,,,4,100,11,100,4,100,214,151,0,4,5,13,7,1,0,118,19,86,28,13.158,home,Scotland,25,2,3,2,0,46,44,,,5,100,15,87,7,86,153,115,0,8,9,9,13,0,0,164,21,89,36,23.256
2018,home,Ireland,28,0,4,4,0,51,62,,,12,92,14,86,5,100,221,172,0,10,5,12,10,0,0,150,18,89,36,16.393,away,Scotland,8,1,1,0,0,49,38,,,4,100,14,71,3,100,187,138,0,8,4,16,9,0,0,230,26,90,25,13.333
2018,away,Scotland,8,1,1,0,0,49,38,,,4,100,14,71,3,100,187,138,0,8,4,16,9,0,0,230,26,90,25,13.333,home,Ireland,28,0,4,4,0,51,62,,,12,92,14,86,5,100,221,172,0,10,5,12,10,0,0,150,18,89,36,16.393
2018,home,France,22,5,0,0,0,45,46,,,6,67,11,55,8,100,152,136,0,6,8,9,15,0,0,176,8,96,27,17.857,away,England,16,3,1,1,0,55,54,,,2,100,13,92,6,100,190,137,0,6,3,10,11,1,0,167,17,91,25,13.158
2018,away,England,16,3,1,1,0,55,54,,,2,100,13,92,6,100,190,137,0,6,3,10,11,1,0,167,17,91,25,13.158,home,France,22,5,0,0,0,45,46,,,6,67,11,55,8,100,152,136,0,6,8,9,15,0,0,176,8,96,27,17.857
2018,home,Wales,38,1,5,5,0,54,45,,,2,100,14,100,9,100,157,124,0,15,5,17,10,2,0,120,8,94,34,21.739,away,Italy,14,0,2,2,0,46,55,,,9,100,19,95,4,75,176,123,0,5,9,13,12,1,0,131,24,85,37,20.833
2018,away,Italy,14,0,2,2,0,46,55,,,9,100,19,95,4,75,176,123,0,5,9,13,12,1,0,131,24,85,37,20.833,home,Wales,38,1,5,5,0,54,45,,,2,100,14,100,9,100,157,124,0,15,5,17,10,2,0,120,8,94,34,21.739
2018,home,Italy,27,2,3,3,0,52,47,,,7,86,7,100,6,100,167,146,0,8,4,7,5,0,0,205,20,91,29,17.241,away,Scotland,29,1,4,3,0,48,53,,,4,100,14,86,6,83,207,153,0,8,5,13,9,0,0,173,15,92,28,13.514
2018,away,Scotland,29,1,4,3,0,48,53,,,4,100,14,86,6,83,207,153,0,8,5,13,9,0,0,173,15,92,28,13.514,home,Italy,27,2,3,3,0,52,47,,,7,86,7,100,6,100,167,146,0,8,4,7,5,0,0,205,20,91,29,17.241
2018,home,England,15,0,3,0,0,50,54,,,3,100,15,87,4,100,218,163,0,9,6,13,12,0,0,152,20,88,29,13.333,away,Ireland,24,1,3,3,0,50,46,,,7,100,14,100,5,40,138,131,0,6,7,7,11,1,0,205,20,91,33,23.81
2018,away,Ireland,24,1,3,3,0,50,46,,,7,100,14,100,5,40,138,131,0,6,7,7,11,1,0,205,20,91,33,23.81,home,England,15,0,3,0,0,50,54,,,3,100,15,87,4,100,218,163,0,9,6,13,12,0,0,152,20,88,29,13.333
2018,home,Wales,14,3,1,0,0,51,49,,,13,92,7,86,5,100,142,112,0,5,12,11,8,0,0,163,29,85,26,18.182,away,France,13,1,1,1,1,49,51,,,4,100,13,92,6,83,178,128,0,7,8,21,12,0,0,122,9,93,25,14.085
2018,away,France,13,1,1,1,1,49,51,,,4,100,13,92,6,83,178,128,0,7,8,21,12,0,0,122,9,93,25,14.085,home,Wales,14,3,1,0,0,51,49,,,13,92,7,86,5,100,142,112,0,5,12,11,8,0,0,163,29,85,26,18.182
2019,home,France,27,0,4,0,2,,,,,10,83,18,0,8,0,309,246,844,12,29,32,11,,,184,15,0,67,21.739,away,Wales,12,0,3,3,0,,,,,7,54,6,0,16,6,80,74,251,5,6,14,13,,,131,32,0,21,26.316
2019,away,Wales,12,0,3,3,0,,,,,7,54,6,0,16,6,80,74,251,5,6,14,13,,,131,32,0,21,26.316,home,France,27,0,4,0,2,,,,,10,83,18,0,8,0,309,246,844,12,29,32,11,,,184,15,0,67,21.739
2019,home,Scotland,20,0,5,5,0,,,,,3,75,13,0,4,25,170,100,434,5,8,8,4,,,129,13,0,27,15.873,away,Italy,13,0,3,1,0,,,,,1,20,11,0,5,20,124,97,300,0,7,7,9,,,90,13,0,21,16.949
2019,away,Italy,13,0,3,1,0,,,,,1,20,11,0,5,20,124,97,300,0,7,7,9,,,90,13,0,21,16.949,home,Scotland,20,0,5,5,0,,,,,3,75,13,0,4,25,170,100,434,5,8,8,4,,,129,13,0,27,15.873
2019,home,Ireland,10,0,2,2,0,,,,,2,50,12,0,5,0,186,123,264,0,7,10,8,,,108,2,0,30,16.129,away,England,19,0,4,3,0,,,,,5,71,10,0,6,0,86,69,204,0,7,8,2,,,134,7,0,31,35.714
2019,away,England,19,0,4,3,0,,,,,5,71,10,0,6,0,86,69,204,0,7,8,2,,,134,7,0,31,35.714,home,Ireland,10,0,2,2,0,,,,,2,50,12,0,5,0,186,123,264,0,7,10,8,,,108,2,0,30,16.129
2019,home,Scotland,6,0,1,1,0,,,,,3,50,10,0,4,25,160,104,409,6,8,16,6,,,179,17,0,20,12.5,away,Ireland,3,0,3,2,0,,,,,9,75,11,0,3,0,170,118,150,11,8,10,7,,,121,13,0,23,13.514
2019,away,Ireland,3,0,3,2,0,,,,,9,75,11,0,3,0,170,118,150,11,8,10,7,,,121,13,0,23,13.514,home,Scotland,6,0,1,1,0,,,,,3,50,10,0,4,25,160,104,409,6,8,16,6,,,179,17,0,20,12.5
2019,home,Italy,10,0,2,1,0,,,,,5,56,10,0,5,0,103,83,287,3,9,14,6,,,153,7,0,22,21.277,away,Wales,13,0,2,2,0,,,,,5,71,14,0,6,0,180,114,226,8,8,15,9,,,98,10,0,30,16.667
2019,away,Wales,13,0,2,2,0,,,,,5,71,14,0,6,0,180,114,226,8,8,15,9,,,98,10,0,30,16.667,home,Italy,10,0,2,1,0,,,,,5,56,10,0,5,0,103,83,287,3,9,14,6,,,153,7,0,22,21.277
2019,home,England,25,0,6,3,0,,,,,6,75,11,0,9,11,118,101,356,1,17,14,7,,,152,29,0,46,38.462,away,France,3,0,1,0,0,,,,,6,75,11,0,4,25,162,130,543,5,5,17,3,,,117,9,0,35,21.739
2019,away,France,3,0,1,0,0,,,,,6,75,11,0,4,25,162,130,543,5,5,17,3,,,117,9,0,35,21.739,home,England,25,0,6,3,0,,,,,6,75,11,0,9,11,118,101,356,1,17,14,7,,,152,29,0,46,38.462
2019,home,France,22,0,5,2,0,,,,,5,71,10,0,6,17,122,130,421,15,19,9,11,,,197,23,0,27,22.222,away,Scotland,10,0,1,1,0,,,,,0,0,19,0,2,0,194,139,361,5,9,16,10,,,111,20,0,17,8.772
2019,away,Scotland,10,0,1,1,0,,,,,0,0,19,0,2,0,194,139,361,5,9,16,10,,,111,20,0,17,8.772,home,France,22,0,5,2,0,,,,,5,71,10,0,6,17,122,130,421,15,19,9,11,,,197,23,0,27,22.222
2019,home,Wales,10,0,2,1,0,,,,,5,71,11,0,6,0,162,145,322,10,11,14,9,,,127,7,0,33,20.408,away,England,3,0,1,1,0,,,,,1,25,4,0,5,0,92,81,180,2,14,9,3,,,151,8,0,34,37.037
2019,away,England,3,0,1,1,0,,,,,1,25,4,0,5,0,92,81,180,2,14,9,3,,,151,8,0,34,37.037,home,Wales,10,0,2,1,0,,,,,5,71,11,0,6,0,162,145,322,10,11,14,9,,,127,7,0,33,20.408
2019,home,Italy,11,0,2,0,0,,,,,6,55,5,0,6,17,46,51,91,9,11,11,9,,,133,9,0,14,30.303,away,Ireland,2,0,4,3,0,,,,,0,0,20,0,6,0,177,132,423,1,7,16,14,,,113,13,0,12,6.757
2019,away,Ireland,2,0,4,3,0,,,,,0,0,20,0,6,0,177,132,423,1,7,16,14,,,113,13,0,12,6.757,home,Italy,11,0,2,0,0,,,,,6,55,5,0,6,17,46,51,91,9,11,11,9,,,133,9,0,14,30.303
2019,home,Scotland,11,,,,,,,,,,,,,,,,,,,,,,,,,,,,,away,Wales,18,,,,,,,,,,,,,,,,,,,,,,,,,,,,
2019,away,Wales,18,,,,,,,,,,,,,,,,,,,,,,,,,,,,,home,Scotland,11,,,,,,,,,,,,,,,,,,,,,,,,,,,,
2019,home,England,57,,,,,,,,,,,,,,,,,,,,,,,,,,,,,away,Italy,14,,,,,,,,,,,,,,,,,,,,,,,,,,,,
2019,away,Italy,14,,,,,,,,,,,,,,,,,,,,,,,,,,,,,home,England,57,,,,,,,,,,,,,,,,,,,,,,,,,,,,
2019,home,Ireland,26,,,,,,,,,,,,,,,,,,,,,,,,,,,,,away,France,14,,,,,,,,,,,,,,,,,,,,,,,,,,,,
2019,away,France,14,,,,,,,,,,,,,,,,,,,,,,,,,,,,,home,Ireland,26,,,,,,,,,,,,,,,,,,,,,,,,,,,,
2019,home,Italy,14,0,1,0,0,,,,,4,57,20,0,6,0,145,118,437,7,7,12,12,,,77,10,0,28,19.231,away,France,17,0,3,2,1,,,,,4,67,12,0,7,14,75,64,229,3,8,8,5,,,137,11,0,30,40
2019,away,France,17,0,3,2,1,,,,,4,67,12,0,7,14,75,64,229,3,8,8,5,,,137,11,0,30,40,home,Italy,14,0,1,0,0,,,,,4,57,20,0,6,0,145,118,437,7,7,12,12,,,77,10,0,28,19.231
2019,home,Wales,25,0,1,1,0,,,,,8,44,12,0,7,0,63,47,155,3,10,9,10,,,135,9,0,26,41.667,away,Ireland,0,0,1,1,0,,,,,2,40,17,0,1,0,123,95,247,0,8,12,11,,,71,4,0,18,14.706
2019,away,Ireland,0,0,1,1,0,,,,,2,40,17,0,1,0,123,95,247,0,8,12,11,,,71,4,0,18,14.706,home,Wales,25,0,1,1,0,,,,,8,44,12,0,7,0,63,47,155,3,10,9,10,,,135,9,0,26,41.667
2019,home,England,38,0,5,5,0,,,,,0,0,14,0,6,0,154,131,578,16,10,16,6,,,75,13,0,29,18.868,away,Scotland,38,0,6,4,0,,,,,7,64,9,0,8,0,119,83,640,11,15,10,5,,,137,26,0,34,28.571
2019,away,Scotland,38,0,6,4,0,,,,,7,64,9,0,8,0,119,83,640,11,15,10,5,,,137,26,0,34,28.571,home,England,38,0,5,5,0,,,,,0,0,14,0,6,0,154,131,578,16,10,16,6,,,75,13,0,29,18.868
2020,home,Wales,35,0,5,4,0,,1,,,6,67,14,0,8,0,163,108,416,10,13,18,10,,,182,21,0,27,16.667,away,Italy,0,0,0,0,0,,0,,,6,67,13,0,1,0,191,126,364,3,6,17,8,,,120,24,0,18,9.434
2020,away,Italy,0,0,0,0,0,,0,,,6,67,13,0,1,0,191,126,364,3,6,17,8,,,120,24,0,18,9.434,home,Wales,35,0,5,4,0,,1,,,6,67,14,0,8,0,163,108,416,10,13,18,10,,,182,21,0,27,16.667
2020,home,Ireland,19,0,1,1,0,,1,,,2,50,11,0,7,0,136,134,367,5,10,12,14,,,164,24,0,20,14.706,away,Scotland,12,0,0,0,0,,0,,,5,71,11,0,6,0,134,125,384,3,12,11,9,,,189,19,0,16,11.905
2020,away,Scotland,12,0,0,0,0,,0,,,5,71,11,0,6,0,134,125,384,3,12,11,9,,,189,19,0,16,11.905,home,Ireland,19,0,1,1,0,,1,,,2,50,11,0,7,0,136,134,367,5,10,12,14,,,164,24,0,20,14.706
2020,home,France,24,0,3,3,0,,0,,,5,71,20,0,5,0,66,90,259,4,12,17,5,,,179,20,0,36,55.556,away,England,14,0,2,2,0,,1,,,9,75,18,0,3,0,149,126,206,5,16,23,9,,,100,28,0,32,21.277
2020,away,England,14,0,2,2,0,,1,,,9,75,18,0,3,0,149,126,206,5,16,23,9,,,100,28,0,32,21.277,home,France,24,0,3,3,0,,0,,,5,71,20,0,5,0,66,90,259,4,12,17,5,,,179,20,0,36,55.556
2020,home,Ireland,24,0,4,2,0,,1,,,7,88,10,0,5,0,157,139,276,6,10,13,8,,,164,14,0,22,14.085,away,Wales,7,0,2,2,0,,0,,,6,50,18,0,2,0,148,110,279,3,4,15,11,,,158,22,0,17,11.494
2020,away,Wales,7,0,2,2,0,,0,,,6,50,18,0,2,0,148,110,279,3,4,15,11,,,158,22,0,17,11.494,home,Ireland,24,0,4,2,0,,1,,,7,88,10,0,5,0,157,139,276,6,10,13,8,,,164,14,0,22,14.085
2020,home,Scotland,6,0,0,0,0,,1,,,2,67,18,0,5,0,79,98,200,5,2,29,6,,,84,4,0,31,40,away,England,13,0,1,1,0,,0,,,8,67,12,0,8,0,66,61,95,3,10,8,8,,,140,19,0,48,71.429
2020,away,England,13,0,1,1,0,,0,,,8,67,12,0,8,0,66,61,95,3,10,8,8,,,140,19,0,48,71.429,home,Scotland,6,0,0,0,0,,1,,,2,67,18,0,5,0,79,98,200,5,2,29,6,,,84,4,0,31,40
2020,home,France,35,0,5,2,0,,0,,,2,100,15,0,10,0,116,118,287,9,11,11,10,,,170,28,0,26,22.222,away,Italy,22,0,3,2,0,,1,,,5,83,9,0,6,0,150,150,262,4,6,22,10,,,134,18,0,22,14.706
2020,away,Italy,22,0,3,2,0,,1,,,5,83,9,0,6,0,150,150,262,4,6,22,10,,,134,18,0,22,14.706,home,France,35,0,5,2,0,,0,,,2,100,15,0,10,0,116,118,287,9,11,11,10,,,170,28,0,26,22.222
2020,home,Italy,0,0,0,0,0,,0,,,6,60,14,0,2,0,147,113,267,12,8,19,10,,,181,31,0,17,11.628,away,Scotland,17,0,3,1,0,,1,,,3,60,14,0,4,0,160,118,225,11,6,20,8,,,166,21,0,30,18.868
2020,away,Scotland,17,0,3,1,0,,1,,,3,60,14,0,4,0,160,118,225,11,6,20,8,,,166,21,0,30,18.868,home,Italy,0,0,0,0,0,,0,,,6,60,14,0,2,0,147,113,267,12,8,19,10,,,181,31,0,17,11.628
2020,home,Wales,23,0,2,2,0,,1,,,9,69,13,0,7,0,181,144,277,19,3,17,12,,,114,17,0,37,20.408,away,France,27,0,3,3,0,,0,,,3,100,10,0,8,13,96,78,314,10,6,9,7,,,168,25,0,40,41.667
2020,away,France,27,0,3,3,0,,0,,,3,100,10,0,8,13,96,78,314,10,6,9,7,,,168,25,0,40,41.667,home,Wales,23,0,2,2,0,,1,,,9,69,13,0,7,0,181,144,277,19,3,17,12,,,114,17,0,37,20.408
2020,home,England,24,0,3,3,0,,0,,,4,57,11,0,6,0,123,84,211,3,4,12,7,,,178,18,0,23,18.868,away,Ireland,5,0,2,1,0,,1,,,8,57,16,0,3,0,141,124,221,4,4,15,12,,,110,10,0,16,11.364
2020,away,Ireland,5,0,2,1,0,,1,,,8,57,16,0,3,0,141,124,221,4,4,15,12,,,110,10,0,16,11.364,home,England,24,0,3,3,0,,0,,,4,57,11,0,6,0,123,84,211,3,4,12,7,,,178,18,0,23,18.868
2020,home,England,33,0,3,3,0,,0,,,5,63,6,0,8,13,101,81,209,9,6,12,9,,,203,23,0,40,40,away,Wales,23,0,3,3,0,,1,,,4,50,15,0,5,0,229,178,340,8,7,18,17,,,115,14,0,35,15.385
2020,away,Wales,23,0,3,3,0,,1,,,4,50,15,0,5,0,229,178,340,8,7,18,17,,,115,14,0,35,15.385,home,England,33,0,3,3,0,,0,,,5,63,6,0,8,13,101,81,209,9,6,12,9,,,203,23,0,40,40
2020,home,Scotland,28,0,3,2,0,,0,,,10,77,12,0,6,0,87,83,230,6,11,19,12,,,164,22,0,27,31.25,away,France,17,0,2,2,0,,1,,,4,67,13,0,5,0,121,125,275,6,10,24,11,,,63,14,0,22,18.182
2020,away,France,17,0,2,2,0,,1,,,4,67,13,0,5,0,121,125,275,6,10,24,11,,,63,14,0,22,18.182,home,Scotland,28,0,3,2,0,,0,,,10,77,12,0,6,0,87,83,230,6,11,19,12,,,164,22,0,27,31.25
2020,home,Ireland,50,0,7,6,0,,1,5,5,4,100,10,0,9,0,159,113,260,6,13,12,10,,,113,12,90,26,16.393,away,Italy,15,0,2,2,0,,0,5,3.4,4,57,19,0,3,0,130,100,279,2,7,13,8,,,127,20,86,21,16.129
2020,away,Italy,15,0,2,2,0,,0,5,3.4,4,57,19,0,3,0,130,100,279,2,7,13,8,,,127,20,86,21,16.129,home,Ireland,50,0,7,6,0,,1,5,5,4,100,10,0,9,0,159,113,260,6,13,12,10,,,113,12,90,26,16.393
2020,home,Wales,10,0,1,1,0,,0,3.3,3.3,9,82,11,0,3,0,101,79,157,1,9,13,6,,,149,13,92,28,27.778,away,Scotland,14,0,1,0,0,,1,8,1.8,5,45,15,0,4,0,148,109,142,3,5,20,16,,,97,10,91,15,10.101
2020,away,Scotland,14,0,1,0,0,,1,8,1.8,5,45,15,0,4,0,148,109,142,3,5,20,16,,,97,10,91,15,10.101,home,Wales,10,0,1,1,0,,0,3.3,3.3,9,82,11,0,3,0,101,79,157,1,9,13,6,,,149,13,92,28,27.778
2020,home,Italy,5,0,1,0,0,,0,1,1,3,38,19,0,2,0,92,67,90,1,5,21,13,,,126,10,93,27,29.412,away,England,34,0,5,3,0,,1,8,4.3,11,73,14,0,8,0,101,84,160,3,10,14,13,,,90,12,88,43,43.478
2020,away,England,34,0,5,3,0,,1,8,4.3,11,73,14,0,8,0,101,84,160,3,10,14,13,,,90,12,88,43,43.478,home,Italy,5,0,1,0,0,,0,1,1,3,38,19,0,2,0,92,67,90,1,5,21,13,,,126,10,93,27,29.412
2020,home,France,33,0,4,2,0,,0,11.7,11.7,5,71,7,0,9,0,102,90,227,2,6,18,7,,,149,19,89,32,31.25,away,Ireland,25,0,3,3,0,,1,9,3,10,100,17,0,6,0,161,123,278,2,7,18,14,,,121,17,88,24,14.925
2020,away,Ireland,25,0,3,3,0,,1,9,3,10,100,17,0,6,0,161,123,278,2,7,18,14,,,121,17,88,24,14.925,home,France,33,0,4,2,0,,0,11.7,11.7,5,71,7,0,9,0,102,90,227,2,6,18,7,,,149,19,89,32,31.25
2023,home,Wales,10,1,1,1,0,48,48,0.9,0.9,4,75,13,77,2,100,177,140,295,6,5,14,13,1,0,184,33,85,25,14.085,away,Ireland,34,2,4,4,0,52,52,9,3.4,9,67,15,100,7,86,154,133,334,6,9,8,15,0,0,155,17,90,29,18.868
2023,away,Ireland,34,2,4,4,0,52,52,9,3.4,9,67,15,100,7,86,154,133,334,6,9,8,15,0,0,155,17,90,29,18.868,home,Wales,10,1,1,1,0,48,48,0.9,0.9,4,75,13,77,2,100,177,140,295,6,5,14,13,1,0,184,33,85,25,14.085
2023,home,England,23,2,3,1,0,68,57,2,2,2,100,16,88,5,67,207,178,380,2,2,9,9,0,0,101,25,80,37,17.857,away,Scotland,29,1,4,3,0,32,43,7,4.1,7,71,10,100,6,100,126,108,226,6,4,11,10,0,0,214,22,91,42,33.333
2023,away,Scotland,29,1,4,3,0,32,43,7,4.1,7,71,10,100,6,100,126,108,226,6,4,11,10,0,0,214,22,91,42,33.333,home,England,23,2,3,1,0,68,57,2,2,2,100,16,88,5,67,207,178,380,2,2,9,9,0,0,101,25,80,37,17.857
2023,home,Italy,24,4,2,0,0,40,56,1.5,1.5,6,83,22,91,7,86,202,147,288,3,6,12,18,0,0,122,37,77,26,12.821,away,France,29,1,4,3,0,60,44,12,2.1,2,100,9,78,8,100,135,107,282,6,5,12,7,1,0,169,18,90,25,18.519
2023,away,France,29,1,4,3,0,60,44,12,2.1,2,100,9,78,8,100,135,107,282,6,5,12,7,1,0,169,18,90,25,18.519,home,Italy,24,4,2,0,0,40,56,1.5,1.5,6,83,22,91,7,86,202,147,288,3,6,12,18,0,0,122,37,77,26,12.821
2023,home,Ireland,32,2,4,3,0,61,54,2.4,2.4,4,100,11,73,6,100,222,178,417,7,4,10,7,0,0,139,38,79,39,17.544,away,France,19,3,1,1,1,39,46,7,1.4,1,100,10,90,7,100,180,136,377,6,4,14,8,1,0,235,23,91,37,20.408
2023,away,France,19,3,1,1,1,39,46,7,1.4,1,100,10,90,7,100,180,136,377,6,4,14,8,1,0,235,23,91,37,20.408,home,Ireland,32,2,4,3,0,61,54,2.4,2.4,4,100,11,73,6,100,222,178,417,7,4,10,7,0,0,139,38,79,39,17.544
2023,home,Scotland,35,2,5,2,0,38,50,4,4,5,40,20,95,8,87,157,114,329,10,7,9,17,1,0,166,11,94,30,19.231,away,Wales,7,0,1,1,0,62,50,13,0.5,3,100,14,79,3,100,182,129,227,1,7,10,11,2,0,135,34,80,25,13.699
2023,away,Wales,7,0,1,1,0,62,50,13,0.5,3,100,14,79,3,100,182,129,227,1,7,10,11,2,0,135,34,80,25,13.699,home,Scotland,35,2,5,2,0,38,50,4,4,5,40,20,95,8,87,157,114,329,10,7,9,17,1,0,166,11,94,30,19.231
2023,home,England,31,0,5,2,0,56,48,1.8,1.8,9,78,21,100,6,100,129,96,266,4,7,15,14,0,0,171,41,81,30,23.256,away,Italy,14,0,2,2,0,44,52,6,2.3,9,67,14,100,3,67,199,146,428,6,4,13,7,2,0,125,21,86,23,11.494
2023,away,Italy,14,0,2,2,0,44,52,6,2.3,9,67,14,100,3,67,199,146,428,6,4,13,7,2,0,125,21,86,23,11.494,home,England,31,0,5,2,0,56,48,1.8,1.8,9,78,21,100,6,100,129,96,266,4,7,15,14,0,0,171,41,81,30,23.256
2023,home,Italy,20,2,2,2,0,38,50,1.5,1.5,8,88,14,93,5,100,188,108,273,6,5,16,10,0,0,171,18,90,19,10.101,away,Ireland,34,1,5,3,0,62,50,12,2.5,5,80,12,92,7,87,186,134,337,9,8,13,10,0,0,117,24,83,23,12.346
2023,away,Ireland,34,1,5,3,0,62,50,12,2.5,5,80,12,92,7,87,186,134,337,9,8,13,10,0,0,117,24,83,23,12.346,home,Italy,20,2,2,2,0,38,50,1.5,1.5,8,88,14,93,5,100,188,108,273,6,5,16,10,0,0,171,18,90,19,10.101
2023,home,Wales,10,1,1,1,0,45,51,1.7,1.7,11,55,9,89,3,100,172,126,308,4,8,9,6,0,0,163,16,91,34,19.608,away,England,20,1,3,1,0,56,49,8,2.1,8,75,5,80,6,100,146,125,238,8,7,21,9,0,0,172,18,91,38,26.316
2023,away,England,20,1,3,1,0,56,49,8,2.1,8,75,5,80,6,100,146,125,238,8,7,21,9,0,0,172,18,91,38,26.316,home,Wales,10,1,1,1,0,45,51,1.7,1.7,11,55,9,89,3,100,172,126,308,4,8,9,6,0,0,163,16,91,34,19.608
2023,home,France,32,2,4,3,0,45,45,2.4,2.4,7,86,13,92,7,100,105,98,183,7,3,7,9,0,1,151,20,88,26,25,away,Scotland,21,0,3,3,0,55,55,11,1.9,5,80,18,89,5,100,177,123,286,3,6,17,10,0,1,125,22,85,20,11.236
2023,away,Scotland,21,0,3,3,0,55,55,11,1.9,5,80,18,89,5,100,177,123,286,3,6,17,10,0,1,125,22,85,20,11.236,home,France,32,2,4,3,0,45,45,2.4,2.4,7,86,13,92,7,100,105,98,183,7,3,7,9,0,1,151,20,88,26,25
2023,home,Italy,17,1,2,2,0,48,55,1.5,1.5,11,82,15,80,4,100,182,119,430,11,3,15,14,2,0,77,13,86,20,10.989,away,Wales,29,1,4,2,0,52,45,12,1.8,6,67,16,88,7,100,89,69,164,4,3,11,13,0,0,127,38,77,36,40
2023,away,Wales,29,1,4,2,0,52,45,12,1.8,6,67,16,88,7,100,89,69,164,4,3,11,13,0,0,127,38,77,36,40,home,Italy,17,1,2,2,0,48,55,1.5,1.5,11,82,15,80,4,100,182,119,430,11,3,15,14,2,0,77,13,86,20,10.989
2023,home,England,10,1,1,1,0,56,53,1,1,5,100,13,100,3,100,145,111,324,1,7,18,12,0,0,115,27,81,32,22.222,away,France,53,2,7,6,0,44,47,12,4.1,9,44,14,86,10,90,105,108,367,9,3,15,11,0,0,124,20,86,42,40
2023,away,France,53,2,7,6,0,44,47,12,4.1,9,44,14,86,10,90,105,108,367,9,3,15,11,0,0,124,20,86,42,40,home,England,10,1,1,1,0,56,53,1,1,5,100,13,100,3,100,145,111,324,1,7,18,12,0,0,115,27,81,32,22.222
2023,home,Scotland,7,0,1,1,0,42,49,1.1,1.1,8,88,11,64,2,100,201,122,344,2,3,15,6,0,0,161,11,94,19,9.434,away,Ireland,22,1,3,2,0,58,51,9,2.4,6,50,18,78,5,100,175,123,314,7,9,13,10,0,0,154,27,85,28,15.873
2023,away,Ireland,22,1,3,2,0,58,51,9,2.4,6,50,18,78,5,100,175,123,314,7,9,13,10,0,0,154,27,85,28,15.873,home,Scotland,7,0,1,1,0,42,49,1.1,1.1,8,88,11,64,2,100,201,122,344,2,3,15,6,0,0,161,11,94,19,9.434
2023,home,Scotland,26,0,4,3,0,54,53,2.8,2.8,8,88,9,67,4,100,196,153,245,5,5,8,10,0,0,165,9,95,18,9.174,away,Italy,14,3,1,0,0,46,47,9,0.8,5,60,15,80,6,100,210,129,80,3,4,16,15,1,0,195,35,85,19,9.009
2023,away,Italy,14,3,1,0,0,46,47,9,0.8,5,60,15,80,6,100,210,129,80,3,4,16,15,1,0,195,35,85,19,9.009,home,Scotland,26,0,4,3,0,54,53,2.8,2.8,8,88,9,67,4,100,196,153,245,5,5,8,10,0,0,165,9,95,18,9.174
2023,home,France,41,2,5,5,0,49,46,4.7,4.7,5,100,10,90,8,90,119,107,168,6,6,12,8,0,0,141,20,88,26,21.739,away,Wales,28,0,4,4,0,51,54,10,2.8,7,71,15,93,4,100,167,128,105,4,4,13,6,0,0,133,20,87,26,15.625
2023,away,Wales,28,0,4,4,0,51,54,10,2.8,7,71,15,93,4,100,167,128,105,4,4,13,6,0,0,133,20,87,26,15.625,home,France,41,2,5,5,0,49,46,4.7,4.7,5,100,10,90,8,90,119,107,168,6,6,12,8,0,0,141,20,88,26,21.739
2023,home,Ireland,29,1,4,3,0,48,53,2.6,2.6,5,80,14,86,6,86,172,128,368,10,7,19,13,0,0,139,15,90,34,19.608,away,England,16,3,1,1,0,53,47,6,1.6,9,67,11,82,5,80,126,104,213,1,6,11,7,1,1,147,34,81,33,26.316
2023,away,England,16,3,1,1,0,53,47,6,1.6,9,67,11,82,5,80,126,104,213,1,6,11,7,1,1,147,34,81,33,26.316,home,Ireland,29,1,4,3,0,48,53,2.6,2.6,5,80,14,86,6,86,172,128,368,10,7,19,13,0,0,139,15,90,34,19.608
